TARGET_CLASS,configuration_id,criterion,ctg_min_time_per_job,ctg_schedule,search_budget,p_object_pool,ctg_time_per_class,Size,Length,Statements_Executed,Total_Time,Random_Seed,Explicit_MethodExceptions,Explicit_TypeExceptions,Implicit_MethodExceptions,Implicit_TypeExceptions,LineCoverage,StatementCoverage,BranchCoverage,OnlyBranchCoverage,CBranchCoverage,IBranchCoverage,ExceptionCoverage,WeakMutationScore,OnlyMutationScore,MutationScore,OutputCoverage,InputCoverage,MethodCoverage,MethodTraceCoverage,MethodNoExceptionCoverage,LineCoverageBitString,StatementCoverageBitString,BranchCoverageBitString,OnlyBranchCoverageBitString,CBranchCoverageBitString,IBranchCoverageBitString,ExceptionCoverageBitString,WeakMutationCoverageBitString,OnlyMutationCoverageBitString,MutationCoverageBitString,OutputCoverageBitString,InputCoverageBitString,MethodCoverageBitString,MethodTraceCoverageBitString,MethodNoExceptionCoverageBitString
finalprojectB.DomainValidator,default,LINE;BRANCH;EXCEPTION;WEAKMUTATION;OUTPUT;METHOD;METHODNOEXCEPTION;CBRANCH,1,BUDGET,64,0.3,2,22,44,147170,78407,1502823058115,0,0,5,1,0.8518518518518519,0.8571428571428571,0.9696969696969697,0.96875,0.9696969696969697,0.6949152542372882,1.0,0.7818181818181819,0.7818181818181819,0.6727272727272727,0.6363636363636364,0.0,1.0,0.9,1.0,000011111111111111111111111,00000000000011111111000000001111111111111111111111111111111111111111111111111111111111111111111111111111111111111111111111111111111111111111,111110111111111111111111111111111,11110111111111111111111111111111,111011111111111111111111111111111,11101111111111010101101111001110111101101110011010101100110,11111,0011000110011111111111111111011110111101111011111111101,0011000110011111111111111111011110111101111011111111101,0001000000000111101111111111011110111101111011111100100,0001000100111111111111,000000000000000000,11111111,0111111111,11111111
