TARGET_CLASS,configuration_id,criterion,ctg_min_time_per_job,ctg_schedule,search_budget,p_object_pool,ctg_time_per_class,Size,Length,Statements_Executed,Total_Time,Random_Seed,Explicit_MethodExceptions,Explicit_TypeExceptions,Implicit_MethodExceptions,Implicit_TypeExceptions,LineCoverage,StatementCoverage,BranchCoverage,OnlyBranchCoverage,CBranchCoverage,IBranchCoverage,ExceptionCoverage,WeakMutationScore,OnlyMutationScore,MutationScore,OutputCoverage,InputCoverage,MethodCoverage,MethodTraceCoverage,MethodNoExceptionCoverage,LineCoverageBitString,StatementCoverageBitString,BranchCoverageBitString,OnlyBranchCoverageBitString,CBranchCoverageBitString,IBranchCoverageBitString,ExceptionCoverageBitString,WeakMutationCoverageBitString,OnlyMutationCoverageBitString,MutationCoverageBitString,OutputCoverageBitString,InputCoverageBitString,MethodCoverageBitString,MethodTraceCoverageBitString,MethodNoExceptionCoverageBitString
finalprojectB.RegexValidator,default,LINE;BRANCH;EXCEPTION;WEAKMUTATION;OUTPUT;METHOD;METHODNOEXCEPTION;CBRANCH,1,BUDGET,70,0.3,2,23,83,111693,104223,1502822947285,4,1,4,1,0.9038461538461539,0.900709219858156,0.8888888888888888,0.8809523809523809,0.8888888888888888,0.8428571428571429,1.0,0.7263157894736842,0.7263157894736842,0.49473684210526314,0.875,0.0,1.0,1.0,1.0,1111111111111111111111111101111111111111111101100011,111111111111111111111111111111111111111111111111111111111111111111111111111111111111111111111111111111111111111111111111111111111111111111111111111111111111111111111111100000000001111111111111111111111111111111110000111111111000000000000001111111111111111111111111111111111111111111,111111111111111111111111111101111111010001111,111111111111111111111111101111111010001111,111111111111111111111111111101111110101001111,1111111110101101111011111111101111011111111111111111011111111010001111,11111111,1110111111111111111111011111111111101111111111111111111111111110111110111111111011111011111011111011101000000000000000000111111101111101111110101111101110100000000000000001111111011110111111,1110111111111111111111011111111111101111111111111111111111111110111110111111111011111011111011111011101000000000000000000111111101111101111110101111101110100000000000000001111111011110111111,0100000000000101101010000000000001000000000000010000101110010100010110111101010000011000000000000000000000000000000000000100001000001100000000000000000000000000000000000001101010011010110101,11111011,000000000000000000,11111111,11111111,11111111
